번호,제목,링크
0," 닭가슴살 전문 굽네몰, '연말결산' 프로모션…최대 72% 할인 ",http://v.daum.net/v/20241209081510567
1," ‘대장이 반찬’ 김대호, 이장우 닭가슴살 반찬에 “천재” ",http://v.daum.net/v/20241201144503186
2," ""닭가슴살 '단백질' 믿고 주문했는데…"" 배신 당한 다이어터들 ",http://v.daum.net/v/20240926092302756
3," 허경환, 27억 사기 피해…""닭가슴살 사업 때, 이후로 사람 안 믿어"" ",http://v.daum.net/v/20241126055714368
4," 허닭, 프로야구 전준우 선수 닭가슴살 협찬 ",http://v.daum.net/v/20241118114700286
5, 아들조차 외면한 정지선 셰프의 닭가슴살 요리…백종원 “엄마가 정지선인데!” 경악 ,http://v.daum.net/v/20241108222401781
6," 사조대림, 촉촉한 양념 닭가슴살 ‘소스에 퐁닭’ 3종 출시 ",http://v.daum.net/v/20241129091231041
7," 굽네몰, ‘2024년 연말결산 특가’ 통해 최대 72% 할인 ",http://v.daum.net/v/20241209090017767
8," 고소영, 직접 만든 '이 음식' 공개… 살 뺄 땐 먹지 말아야? ",http://v.daum.net/v/20241208070329929
9," 동원홈푸드, 저당 닭가슴살 브리또·쌈장소스 등 4종 출시 ",http://v.daum.net/v/20241101160017021
10," 배다해, '이 시술'로 체중 많이 늘어...""4kg 살 빼야 한다"", 왜? ",http://v.daum.net/v/20241208161854863
11," “이번엔 닭가슴살 레시피?” 최화정, 고기쌈에 ‘이것’ 곁들인다… 뭐길래? ",http://v.daum.net/v/20241015000329588
12," 닭 가슴살에 매운 ‘이것’ 곁들이면, 다이어트 효과 상승! ",http://v.daum.net/v/20241012220729064
13," 국내 최초 `꼬기다` 스틱 닭가슴살, 출시 두 달 만에 200만 개 완판! 건강한 간편식 시장의 새로운 강자 ",http://v.daum.net/v/20241025111217129
14," “다이어트 위해” 혜리, 시상식 앞두고 ‘이 음식’만 먹어… 뭔가 보니? ",http://v.daum.net/v/20241209101611345
15," ‘쌍둥이 인플루언서’ 김상지&김상아 “우린 가족이자 친구, 좋은 자극 받으며 함께 성장” [인터뷰] ",http://v.daum.net/v/20241209111403263
16," 한소희, 42kg 가녀린 몸 비결?…닭가슴살 ‘이렇게’ 먹는다 ",http://v.daum.net/v/20241001200057813
17, 소유 “살 찐 내 몸 더럽다 느껴”→화사 “약 먹고 허벅지살 빼”..걸그룹 고충[Oh!쎈 이슈] ,http://v.daum.net/v/20241130151717861
18," “‘이렇게’ 먹으면 살 빠진다” 전효성, 다이어트 식단 대공개… 뭐 먹나 보니? ",http://v.daum.net/v/20241122000130881
19," “닭도 부위별로 즐긴다” 홈플러스,닭고기 부분육 매출 최대30% 껑충 ",http://v.daum.net/v/20241126082933710
20," ""많이 먹어서 살쪘다""…제이제이, 속옷 입고 62㎏ 몸매 인증 ",http://v.daum.net/v/20241203040018342
21," ""닭가슴살보다 높은 단백질 함량"" 빙그레, '프로틴 치즈' 신제품 공개 ",http://v.daum.net/v/20241017091812646
22," 달걀, 삶은 닭고기 꾸준히 먹었더니... 뇌 신경-인지 기능에 변화가? ",http://v.daum.net/v/20241119190128434
23," 다시 살찐 스윙스, ""다이어트 시작"" 밝혀… 직접 공개한 식단 보니? ",http://v.daum.net/v/20241120141048522
24," 미 육류회사, 리스테리아균 발견 닭가슴살 등 무려 5천톤 리콜(종합) ",http://v.daum.net/v/20241011065535513
25, 닭가슴살 들기름 메밀김밥 1위... 편의점 식재료 활용한 건강 레시피 ,http://v.daum.net/v/20241015085320023
26," 닭고기 부분육 수요↑…홈플러스, '순살 닭다리살' 구이 제품 출시 ",http://v.daum.net/v/20241126090420693
27," ‘실내 공기 오염 최소’ 조리 기구, 실험으로 찾아보니… [건강한겨레] ",http://v.daum.net/v/20241206090519564
28," [Y터뷰] 배현성 ""'조립식 가족' 위해 사투리·농구 연습…여운 많이 남아요"" ",http://v.daum.net/v/20241207080421527
29," ‘대장이 반찬’ 김대호X이장우, 도파민 터지는 반찬기행 ",http://v.daum.net/v/20241202091502205
